"year","gear_type","tonnes","landed_value"
1950,"artisanal fishing gear",448.9232412874,3525815.04164714
1950,"bagnets",1851.6963532502,2011861.54937517
1950,"bottom trawl",416010.755818196,538917162.899448
1950,"cast nets",30.4337552399,78543.4363422011
1950,"dredge",519405.490696032,3702002835.91365
1950,"gillnet",19652.3415247461,42812471.6187522
1950,"hand lines",4818.8631693925,9411969.0276952
1950,"hand or tools",218823.78178551,1287749482.07869
1950,"harpoon",654.01616112,4300212.34983371
1950,"lines",19147.4290003122,21724023.2800932
1950,"longline",11038.9032387172,14941610.0858419
1950,"mixed gear",4020.98228218,0
1950,"other industrial",75.4712895687,82721.7094592534
1950,"other nets",5577.7924094651,16737362.1409816
1950,"pole and line",37.8485581335,78590.1300409087
1950,"pots or traps",127125.868914256,178423024.78909
1950,"purse seine",395719.488711446,49945946.466996
1950,"shrimp trawl",73829.003933111,0
1950,"small scale lines",9.1055358828,1.33035506893857
1950,"small scale trammel net",24.2703099051,52643.7327750076
1950,"trammel nets",55.5332685603,249422.799167599
1950,"unknown by source",15.9841752664,38040.1469697532
1950,"unknown class",30151.4188593614,66249229.6673203
1951,"artisanal fishing gear",201.7278079149,1749329.026167
1951,"bagnets",2284.745686368,2329397.62764412
1951,"bottom trawl",450849.392671516,586264212.337682
1951,"cast nets",193.9377955211,581460.868150579
1951,"dredge",499923.579426611,3369777766.43809
1951,"gillnet",20089.7180419047,42122038.8602321
1951,"hand lines",4240.0933649358,10070944.2888584
1951,"hand or tools",209990.397614649,1239083045.40267
1951,"harpoon",260.3776837197,1338199.42764456
1951,"lines",16725.8109619906,19599357.8293064
1951,"longline",10070.2915906711,14906706.5925808
1951,"mixed gear",9414.27711991,0
1951,"other industrial",95.8258436126,92288.2251912691
1951,"other nets",2768.739590544,10891623.0598969
1951,"pole and line",0.9964987049,1607.0675250296
1951,"pots or traps",109877.632989776,174384733.996492
1951,"purse seine",388778.939261047,43437763.8994538
1951,"shrimp trawl",55702.70218457,0
1951,"small scale lines",5.3444268826,1.16978042267425
1951,"small scale trammel net",3.0480707763,6947.9357851905
1951,"trammel nets",233.6588469608,1328322.75062886
1951,"unknown by source",15.0479495492,56895.7568655349
1951,"unknown class",31922.6574691303,73523761.4685267
1952,"artisanal fishing gear",244.7833505066,1231519.50747976
1952,"bagnets",1230.400051441,1303823.96179667
1952,"bottom trawl",426192.910774631,528159119.32534
1952,"cast nets",108.7328062801,301813.11720963
1952,"dredge",530294.342604962,3726958456.72429
1952,"gillnet",22789.350007353,48428473.7628375
1952,"hand lines",4337.9277734038,10619145.4092047
1952,"hand or tools",201865.520735597,1208667819.38469
1952,"harpoon",301.194159842,1256054.83398821
1952,"lines",16040.5437056682,17523873.0663628
1952,"longline",9024.9722752509,12644806.8341216
1952,"mixed gear",5526.738752799,0
1952,"other industrial",72.3311936643,100085.872749012
1952,"other nets",2611.005346046,14277481.8664825
1952,"pole and line",788.5850531298,1398758.82909725
1952,"pots or traps",104761.154261829,176302403.318528
1952,"purse seine",497556.257180641,37869473.6137202
1952,"shrimp trawl",51760.256849583,0
1952,"small scale lines",7.9645409749,1.62871803755894
1952,"small scale trammel net",61.8682838277,144498.091432505
1952,"trammel nets",226.5147729599,1176272.9819766
1952,"unknown by source",14.432277216,57427.0770307931
1952,"unknown class",33752.8059438436,76204340.5375575
1953,"artisanal fishing gear",648.8436004847,3485953.73686506
1953,"bagnets",1514.1626707298,1656210.42257358
1953,"bottom trawl",386871.704816078,445512494.573307
1953,"cast nets",38.9590168799,69722.783972468
1953,"dredge",566224.153923657,3368110864.95114
1953,"gillnet",19924.1753498176,38366752.4142702
1953,"hand lines",2705.7395367535,6876210.60453831
1953,"hand or tools",199564.328780614,1156353986.34252
1953,"harpoon",264.9498910819,1094771.57915968
1953,"lines",16996.6138315835,19042911.1274506
1953,"longline",5929.6869634449,7897867.61125072
1953,"mixed gear",5571.167949277,0
1953,"other industrial",74.4353816415,87148.1417529733
1953,"other nets",3587.7438867262,18842987.9059545
1953,"pole and line",219.8208470645,411850.206814672
1953,"pots or traps",116370.244838345,179594180.021616
1953,"purse seine",627125.748329552,30372608.9937319
1953,"shrimp trawl",66662.283217874,0
1953,"small scale lines",7.47926865,1.48194259696594
1953,"small scale trammel net",50.961803423,105535.989591027
1953,"trammel nets",46.1983451999,223178.961577111
1953,"unknown by source",210.49785932,416837.2268
1953,"unknown class",36404.3659920332,72964737.1242818
1954,"artisanal fishing gear",854.8599577137,3721016.2546755
1954,"bagnets",926.6340249601,991242.095965432
1954,"bottom trawl",434058.707141318,668991800.74931
1954,"cast nets",16.7171331599,32169.2019769089
1954,"dredge",501059.405436381,3389924691.74674
1954,"gillnet",17267.2306589348,35695666.7094817
1954,"hand lines",2891.8168979497,6600129.92320904
1954,"hand or tools",208460.958421736,1436882727.11373
1954,"harpoon",271.5224391621,1136964.49757437
1954,"lines",13351.3539783443,14913284.5007317
1954,"longline",3830.160579412,4542686.58442488
1954,"mixed gear",4506.78675671,0
1954,"other industrial",83.2104486151,95790.8447780531
1954,"other nets",2683.6008119074,12759306.7161774
1954,"pole and line",243.6430772835,497520.612770891
1954,"pots or traps",113059.822490852,171849380.606768
1954,"purse seine",674368.555347529,24460970.3642551
1954,"shrimp trawl",57981.495092795,0
1954,"small scale lines",7.8899557863,1.59339174342036
1954,"small scale trammel net",80.5887627994,205298.727253936
1954,"trammel nets",1.9050864,25852.9164729604
1954,"unknown by source",210.49785932,200492.0584
1954,"unknown class",38765.6253481257,83570559.4212457
1955,"artisanal fishing gear",669.1426937808,2688795.27081881
1955,"bagnets",799.1837448,1011315.96444891
1955,"bottom trawl",437320.512822356,642494355.318278
1955,"cast nets",27.67137996,122973.220473008
1955,"dredge",512161.343943009,3361287047.96411
1955,"gillnet",17288.7544591951,33017438.8456131
1955,"hand lines",2184.7609544271,5117047.09315073
1955,"hand or tools",184989.385990839,1233626368.4343
1955,"harpoon",303.289754881,1213662.44410018
1955,"lines",13841.7064904081,18028345.2251429
1955,"longline",4573.4235125643,5534607.68853596
1955,"mixed gear",4777.31558498,0
1955,"other industrial",140.5869938066,101121.097535584
1955,"other nets",36457.950367221,14553563.0294451
1955,"pole and line",904.5429359933,1656862.29215362
1955,"pots or traps",98843.9918091312,171591098.71195
1955,"purse seine",664419.659323717,18348392.6694048
1955,"shrimp trawl",57745.073872105,0
1955,"small scale lines",13.2195753575,2.63869573197507
1955,"small scale trammel net",155.3085422015,342176.929020289
1955,"trammel nets",335.3428335608,1311468.54026671
1955,"unknown by source",105.24892966,120577.1979
1955,"unknown class",41807.0427314026,87114467.0663576
1956,"artisanal fishing gear",72.4500471779,539084.621864714
1956,"bagnets",1423.9092025208,2653240.70333327
1956,"bottom trawl",439806.37318179,601300493.762985
1956,"cast nets",53.39004636,543787.273527713
1956,"dredge",484314.604198781,3187397217.38265
1956,"gillnet",17698.978867639,30487556.6677199
1956,"hand lines",2539.5645569471,5170369.12594805
1956,"hand or tools",190159.866546765,1336829663.47675
1956,"harpoon",332.866221241,1635837.09573227
1956,"lines",9665.5015163601,13630964.0385177
1956,"longline",4258.1452855174,5175570.547558
1956,"mixed gear",12321.0351941,0
1956,"other industrial",106.3602303967,122897.738289864
1956,"other nets",3761.4974225672,11396058.0426852
1956,"pole and line",973.1159159126,1526801.76393005
1956,"pots or traps",111480.081070663,184947193.101931
1956,"purse seine",786770.754294654,28685897.3463978
1956,"shrimp trawl",51386.193138399,0
1956,"small scale lines",13.4182251378,3.12373181597428
1956,"small scale trammel net",48.7927900603,84102.2240417825
1956,"trammel nets",189.7942325994,1491660.90815151
1956,"unknown by source",210.49785932,147441.13396
1956,"unknown class",45383.9515889162,82980228.1675608
1957,"artisanal fishing gear",379.2422853866,2638582.14171145
1957,"bagnets",2145.9845748799,5062434.95890731
1957,"bottom trawl",464082.699670492,715416493.498106
1957,"cast nets",44.8647847201,807760.956910671
1957,"dredge",497429.949588194,3043961744.36841
1957,"gillnet",17998.0036426442,29506891.0352386
1957,"hand lines",2381.8183667893,5784090.58686889
1957,"hand or tools",169016.610347864,1167456895.15942
1957,"harpoon",496.1797528801,2309176.29586183
1957,"lines",12465.6542388963,17174079.0886342
1957,"longline",4818.2648046007,6380995.55168245
1957,"mixed gear",22110.8830298,0
1957,"other industrial",184.719032965,164091.586012622
1957,"other nets",4229.9900622045,17318818.6026026
1957,"pole and line",1281.7690239258,1855179.62540647
1957,"pots or traps",115735.711819206,182415263.341853
1957,"purse seine",698965.311151813,34962819.2631034
1957,"shrimp trawl",57191.467672425,0
1957,"small scale lines",20.0510811188,4.86091459985634
1957,"small scale trammel net",88.8109235591,137179.570148372
1957,"trammel nets",256.0912393204,1836774.34951285
1957,"unknown by source",210.9910191733,289834.3631414
1957,"unknown class",49763.6684607718,89084885.250789
1958,"artisanal fishing gear",732.4828742371,4341825.64697611
1958,"bagnets",1480.8712860931,4567932.2253365
1958,"bottom trawl",448668.307222753,702238515.840163
1958,"cast nets",46.8174982801,849807.58793052
1958,"dredge",452899.147742997,2898758970.0165
1958,"gillnet",22789.18025395,35121208.62606
1958,"hand lines",2191.1986220367,4491632.95101348
1958,"hand or tools",173889.5501206,1321293451.64286
1958,"harpoon",879.483136561,3975430.46256232
1958,"lines",12202.3530102733,15298840.2429442
1958,"longline",4941.1119399469,7307493.33228181
1958,"mixed gear",17583.1803515,0
1958,"other industrial",201.9057904169,203759.203196643
1958,"other nets",3016.2228060728,9457782.94640063
1958,"pole and line",947.1958950203,1388188.26071163
1958,"pots or traps",101008.475059536,185888953.324164
1958,"purse seine",615080.257664334,32901416.8581316
1958,"shrimp trawl",44932.379567954,0
1958,"small scale lines",13.4761289376,3.64874441070714
1958,"small scale trammel net",40.9692929479,60182.9669739359
1958,"trammel nets",49.7703821998,291437.730877384
1958,"unknown by source",526.2446483,793896.1715
1958,"unknown class",52382.5572605093,89199574.7027699
1959,"artisanal fishing gear",732.1609700064,3920182.58882013
1959,"bagnets",1027.2702140401,2499585.73858472
1959,"bottom trawl",437739.694663429,718512766.7948
1959,"cast nets",70.8215869198,1257773.41240462
1959,"dredge",477945.537305164,2863985553.89702
1959,"gillnet",18521.590176522,29090958.4076698
1959,"hand lines",2052.5630122078,4353599.72917364
1959,"hand or tools",166242.845266319,1262350926.66265
1959,"harpoon",883.198055041,3339594.9855443
1959,"lines",10244.309990582,14213598.65217
1959,"longline",6946.9020354286,9967336.1034822
1959,"mixed gear",16925.7572047,1307551.42323
1959,"other industrial",330.3633505491,232994.413747185
1959,"other nets",1910.645131068,16790621.2110806
1959,"pole and line",1188.6066186684,1576699.88074507
1959,"pots or traps",99395.9596676498,197591968.301545
1959,"purse seine",745434.702268036,33840660.9331007
1959,"shrimp trawl",52124.402207217,0
1959,"small scale lines",12.1997442699,3.63666595689212
1959,"small scale trammel net",70.6395328241,119991.195175568
1959,"trammel nets",106.6372112399,515772.247112449
1959,"unknown by source",526.2446483,726023.3405
1959,"unknown class",55538.1021722981,96857534.0528629
1960,"artisanal fishing gear",575.8242544896,3789451.39551166
1960,"bagnets",1347.8962551602,1532472.6979376
1960,"bottom trawl",392474.101497576,692032060.412922
1960,"cast nets",78.8229498,1526135.06405627
1960,"dredge",468452.02204125,2300692779.97253
1960,"gillnet",16980.7899304706,28696145.9597702
1960,"hand lines",3574.9784408134,5896953.87287362
1960,"hand or tools",171770.70117591,1337849549.90126
1960,"harpoon",693.7372125601,3427795.45986408
1960,"lines",11036.0496667359,12951481.3263101
1960,"longline",7599.7803600823,10844414.6083034
1960,"mixed gear",32258.176654,1830699.618508
1960,"other industrial",200.8031564224,218052.601901267
1960,"other nets",1899.1726914681,13377331.2257264
1960,"pole and line",2388.4675345591,3055175.45499425
1960,"pots or traps",119679.035342545,194728954.47912
1960,"purse seine",620906.603519065,32530272.4816901
1960,"shrimp trawl",62678.545141381,0
1960,"small scale lines",17.656743217,5.26502928186707
1960,"small scale trammel net",31.9320174594,55390.6863876978
1960,"trammel nets",63.7251400802,330734.586779039
1960,"unknown by source",526.2446483,697569.4305
1960,"unknown class",57712.6934701389,106393575.36786
1961,"artisanal fishing gear",485.6447686078,3171108.02731655
1961,"bagnets",1351.1825289998,1872964.53630884
1961,"bottom trawl",452057.789642565,602334903.902243
1961,"cast nets",21.3369676801,361854.727980989
1961,"dredge",504341.467228766,2804352101.41975
1961,"gillnet",18614.1876657498,31220296.6793192
1961,"hand lines",2615.6899394023,5418633.92217819
1961,"hand or tools",151824.069653833,1243859315.37215
1961,"harpoon",596.9111962801,3058351.52301059
1961,"lines",12584.4439018447,13181014.7549013
1961,"longline",7303.7636297878,10058028.0877824
1961,"mixed gear",26862.602024,1732396.0696
1961,"other industrial",217.4372673135,201818.515111775
1961,"other nets",2209.5648312171,12923869.0565921
1961,"pole and line",2281.0453643251,3333993.23739376
1961,"pots or traps",96453.0690351068,183356067.138778
1961,"purse seine",646250.533635645,24994579.0464546
1961,"shrimp trawl",39803.577406164,0
1961,"small scale lines",17.29092704,5.50535541798464
1961,"small scale trammel net",39.9700419003,76705.7820313893
1961,"trammel nets",79.2039670799,627551.692917801
1961,"unknown by source",736.74250762,926979.4723
1961,"unknown class",59067.794278684,108295308.720304
1962,"artisanal fishing gear",402.1890620967,3042830.1962189
1962,"bagnets",1868.5563684801,2842451.08751347
1962,"bottom trawl",762251.681452504,787674704.217782
1962,"cast nets",36.7681675201,757903.935864343
1962,"dredge",469215.54772927,2446425989.18845
1962,"gillnet",19652.012287758,32743509.7861505
1962,"hand lines",160.6540831603,296576.11661225
1962,"hand or tools",126001.115780922,962258506.565499
1962,"harpoon",506.56247376,2977794.65503557
1962,"lines",15133.3444395378,19304980.5998467
1962,"longline",6662.1030305583,10595064.9191827
1962,"mixed gear",19728.3287307,1180577
1962,"other industrial",191.2145140931,213325.646392184
1962,"other nets",2479.6841018302,17265641.6018264
1962,"pole and line",1470.0026887537,2544076.54830189
1962,"pots or traps",119213.287636971,193661563.027656
1962,"purse seine",674532.1456635,34150288.3607341
1962,"shrimp trawl",52497.85868086,0
1962,"small scale lines",22.4113624953,7.58124412301134
1962,"small scale trammel net",34.9256440962,65560.0232821869
1962,"trammel nets",72.3456560401,764767.051596089
1962,"unknown by source",1052.4892966,900582.7
1962,"unknown class",62769.8623130581,106968065.229297
1963,"artisanal fishing gear",219,1048681.73892464
1963,"bagnets",1033.79513496,2572363.99157114
1963,"bottom trawl",986518.762118099,685923168.270832
1963,"cast nets",15.2406912,282996.312661242
1963,"dredge",418243.400944801,2018695128.98321
1963,"gillnet",17837.1318998265,29056671.6304724
1963,"hand lines",160,263698.049
1963,"hand or tools",138166.603184905,856146561.564539
1963,"harpoon",339.3911421601,1090817.08913983
1963,"lines",12048.0960118815,17301636.0384552
1963,"longline",10258.622438307,17915217.4833885
1963,"mixed gear",20738.5162424,773801.7
1963,"other industrial",203.7292355995,247947.919019965
1963,"other nets",2493.0085882701,16330338.929128
1963,"pelagic trawl",0.1415785765,241.495300685875
1963,"pole and line",1849.0783690924,2570269.14574122
1963,"pots or traps",112521.321958139,204498076.622727
1963,"purse seine",473827.0329844,37365565.7921149
1963,"shrimp trawl",31130.076225087,0
1963,"small scale lines",25,9.29655805
1963,"small scale trammel net",31,53222.699
1963,"trammel nets",18.05069364,181838.964302813
1963,"unknown by source",947.24036694,933398.1
1963,"unknown class",67027.2624305247,111029898.749373
1964,"artisanal fishing gear",127.5187414292,673451.206381909
1964,"bagnets",1706.7454735498,4759845.73222237
1964,"bottom trawl",1089922.78413197,552389739.351305
1964,"cast nets",28.6715503201,646348.852187859
1964,"dredge",413699.939181032,2267142450.86661
1964,"gillnet",16575.681342008,26464834.3370902
1964,"hand lines",3206.712278509,6075664.19657646
1964,"hand or tools",142515.584147337,893292152.163549
1964,"harpoon",256.2498377691,907987.788490215
1964,"lines",11563.403358517,14958304.8231443
1964,"longline",8970.5850080409,17454033.408022
1964,"mixed gear",26428.8964744,1316611.2
1964,"other industrial",220.8599570888,232069.815275653
1964,"other nets",3648.6087274482,12624726.7141301
1964,"pelagic trawl",4.19779203,4735.80998150207
1964,"pole and line",1322.564879261,1474931.01942925
1964,"pots or traps",105657.117643171,228181321.258112
1964,"purse seine",344037.115197182,35403229.4848819
1964,"shrimp trawl",48787.8512478619,238162573.904828
1964,"small scale lines",20,7.68254882
1964,"small scale trammel net",11.8825141964,20072.3707510384
1964,"trammel nets",47.5319056801,257420.019334531
1964,"unknown by source",1157.73822626,1010720.92
1964,"unknown class",67531.9379837624,114744912.62979
1965,"artisanal fishing gear",166,847756.430787543
1965,"bagnets",1179.2084747837,5372602.2598114
1965,"bottom trawl",1232713.79034151,726246516.107167
1965,"cast nets",47.4842785201,1441894.96781717
1965,"dredge",430201.506266086,2493266739.76339
1965,"gillnet",21321.8177572435,36157143.5843968
1965,"hand lines",3439.2384194478,8146908.060404
1965,"hand or tools",160592.391385716,1146726900.37867
1965,"harpoon",326.4927546873,1238193.8901892
1965,"lines",11952.2496101671,16314071.071598
1965,"longline",10626.0513635585,20405804.5650174
1965,"mixed gear",26700.7813092,2071067.394
1965,"other industrial",340.8359459376,479831.133406002
1965,"other nets",3267.5040030922,10423301.6862388
1965,"pelagic trawl",2.1377154793,2979.63842456411
1965,"pole and line",2023.6600001194,2555871.12775399
1965,"pots or traps",126541.423429765,249730786.660702
1965,"purse seine",358408.83157705,23487345.449191
1965,"shrimp trawl",71751.9239586421,412309054.881631
1965,"small scale lines",21,8.149442427
1965,"small scale trammel net",43,87688.0115004921
1965,"unknown by source",736.74250762,755167
1965,"unknown class",72070.463909632,116516798.225193
1966,"artisanal fishing gear",126,678185.677761394
1966,"bagnets",1173.6761038799,10418864.4196572
1966,"bottom trawl",1289724.81047876,760192561.027218
1966,"cast nets",34.3868095201,1055317.84599378
1966,"dredge",410106.945170169,2011768275.74771
1966,"gillnet",19611.0104479383,34603546.425129
1966,"hand lines",3556.987473136,7372286.19125238
1966,"hand or tools",180329.033601394,1264654185.33764
1966,"harpoon",141.2621565598,644056.510920583
1966,"lines",11479.5895782097,13465367.5141928
1966,"longline",15328.3437188518,22618153.7213926
1966,"mixed gear",21075.9097588875,1892866.48031001
1966,"other industrial",346.2383574588,523959.962511436
1966,"other nets",2555.8743083159,2617555.27169591
1966,"pelagic trawl",989.4387195362,289593.396637278
1966,"pole and line",4643.4349236631,8913505.91151718
1966,"pots or traps",110970.070604779,246873470.766977
1966,"purse seine",277414.283577316,22028034.7283967
1966,"shrimp trawl",57015.5686642019,374502738.638411
1966,"small scale lines",15,7.206430275
1966,"small scale trammel net",51,103307.019
1966,"trammel nets",130.97469,845604.049456505
1966,"unknown by source",420.99571864,446304.4
1966,"unknown class",77860.9812500396,122937601.102578
1967,"artisanal fishing gear",110.6849882173,481306.030595144
1967,"bagnets",1105.5216379202,5687602.36264981
1967,"bottom trawl",1010012.08976595,543851356.104549
1967,"cast nets",19.9081528799,501622.332181239
1967,"dredge",342593.136413077,2046406822.23563
1967,"gillnet",17069.6770442865,31674274.7482504
1967,"hand lines",3670.1968593216,8091048.6858251
1967,"hand or tools",196034.477682248,1358440987.90179
1967,"harpoon",263.4734491204,1078283.55331102
1967,"lines",8526.8693038922,11646923.4468915
1967,"longline",29262.2108700994,30666272.9977215
1967,"mixed gear",14764.7078618875,1294392.79535909
1967,"other industrial",903.6165017916,1160863.50312287
1967,"other nets",2364.7389503321,1428193.22950382
1967,"pelagic trawl",46532.7927812356,10307704.3437355
1967,"pole and line",1251.8562114972,1989838.28526528
1967,"pots or traps",101458.634922429,232640823.672492
1967,"purse seine",258969.043487035,25722917.5869696
1967,"shrimp trawl",56658.7340652296,403415065.704974
1967,"small scale lines",25,12.562761775
1967,"small scale trammel net",26.2595841885,45062.2385575656
1967,"trammel nets",177.0301537198,1060967.47390031
1967,"unknown by source",17.1373050788,17912.1645149554
1967,"unknown class",82309.4152060838,126158876.683786
1968,"artisanal fishing gear",63.997231551,142389.540544456
1968,"bagnets",699.59535324,6380046.98080656
1968,"bottom trawl",998876.351899926,526017529.047594
1968,"cast nets",18.4317109201,635974.952979786
1968,"dredge",372878.15935276,2983691714.74103
1968,"gillnet",24106.5783990146,31650135.4813847
1968,"hand lines",3812.6983977282,8933966.50663136
1968,"hand or tools",196197.82030181,1239238760.34678
1968,"harpoon",228.08646924,984938.073488793
1968,"lines",5481.255132534,9917019.66551991
1968,"longline",60791.0835242499,38953995.0665839
1968,"mixed gear",13795.3079329675,927887.045781101
1968,"other",0.8799073782,7537.80655784026
1968,"other industrial",725.7838533192,902773.561235075
1968,"other nets",2617.798892702,2170403.9401691
1968,"pelagic trawl",124900.779823811,31231065.5492758
1968,"pole and line",1483.5543363922,2778060.14105019
1968,"pots or traps",95098.9295449018,256679027.981368
1968,"purse seine",310111.481704158,24327598.6792349
1968,"shrimp trawl",68717.195097826,636363975.929305
1968,"small scale lines",25,15.173921075
1968,"small scale trammel net",1.7536993118,2940.98470665154
1968,"trammel nets",143.16724296,1052261.44728049
1968,"unknown class",84473.021099056,135767031.746179
1969,"artisanal fishing gear",32.5027269035,83800.7098613073
1969,"bagnets",1347.7533736801,8818166.49019499
1969,"bottom trawl",1236564.0373247,595583481.08011
1969,"cast nets",0.2381358,298.2081045321
1969,"dredge",363995.886267044,2362101666.83657
1969,"gillnet",17130.0060863724,30513597.845614
1969,"hand lines",3214.2682570969,8256574.78074056
1969,"hand or tools",187713.376115213,1139281642.13267
1969,"harpoon",187.2223659601,823768.496919554
1969,"lines",7798.016587303,13712657.9791335
1969,"longline",89583.3065952128,47109925.380241
1969,"mixed gear",5945.8467630875,1034582.05337011
1969,"other",0.0474820144,396.272125346465
1969,"other industrial",882.3694521818,1454356.62873422
1969,"other nets",2066.0861362981,3051652.91562891
1969,"pelagic trawl",121267.514684536,36577918.3260718
1969,"pole and line",1669.225509072,3342125.089326
1969,"pots or traps",98430.2219686134,269399118.198447
1969,"purse seine",213768.064510676,18595406.5821568
1969,"shrimp trawl",82716.9511216149,952641792.257786
1969,"small scale lines",27,21.860259615
1969,"small scale trammel net",1.4626326059,2561.17939043105
1969,"trammel nets",80.9661720002,730559.082512064
1969,"unknown class",92161.8769592932,139117291.307399
1970,"artisanal fishing gear",72,152110.08
1970,"bagnets",873.1487242799,3170372.9717721
1970,"bottom trawl",670956.788754877,585696475.704082
1970,"cast nets",0.8096617201,953.967099033297
1970,"dredge",402969.37801593,2681263366.42885
1970,"gillnet",18136.6716155157,28744958.5342607
1970,"hand lines",3584.7476641169,8990429.97464215
1970,"hand or tools",199525.998840224,1169886224.69096
1970,"harpoon",221.7044298,946304.228271914
1970,"lines",8434.5539600798,9853136.1686414
1970,"longline",161490.734645018,110301802.611454
1970,"mixed gear",5511.348648875,198597.218635047
1970,"other industrial",710.6175487188,777553.519429507
1970,"other nets",1064.9502963341,2749345.70171587
1970,"pelagic trawl",109418.191534251,45345724.8578286
1970,"pole and line",2548.6587026015,4436666.49698721
1970,"pots or traps",103303.207651541,268200743.465022
1970,"purse seine",315222.349188222,25888080.7140321
1970,"shrimp trawl",67861.5661008252,710995001.98367
1970,"small scale lines",25,23.767542025
1970,"trammel nets",63.105987,624973.742401006
1970,"unknown by source",1316.1064435666,2365752.8816845
1970,"unknown class",92473.0246166795,134367454.295391
1971,"artisanal fishing gear",166,401363.93
1971,"bagnets",777.2276240402,3865673.66415178
1971,"bottom trawl",980651.318038087,599282657.264309
1971,"cast nets",5.0008517999,7191.95405356022
1971,"dredge",384663.388972835,2802786073.51757
1971,"gillnet",20177.2847294647,24144906.3423643
1971,"hand lines",2888.0518005351,7482981.10055727
1971,"hand or tools",192862.263190562,1085116087.53802
1971,"harpoon",267.6170120401,943495.735902102
1971,"lines",7063.0927205048,9118633.74969288
1971,"longline",257837.529630864,116219422.015158
1971,"mixed gear",5602.9114175561,10851.5583856275
1971,"other",0.0753059304,641.968135018272
1971,"other industrial",631.1136160032,941997.294813712
1971,"other nets",1369.4741051,1279561.94763501
1971,"pelagic trawl",140236.69915116,63730640.1992977
1971,"pole and line",1080.6407984823,2630103.7807176
1971,"pots or traps",93209.9757142807,298679396.621972
1971,"purse seine",307256.043808816,24123089.1522948
1971,"shrimp trawl",91235.516864711,805550263.337373
1971,"small scale lines",20,23.68154172
1971,"trammel nets",114.0670482001,638520.347986912
1971,"unknown by source",874.7425745991,1471836.39955845
1971,"unknown class",97392.260765918,152374032.34725
1972,"artisanal fishing gear",160,366022.88
1972,"bagnets",849.04938132,3068789.64717892
1972,"bottom trawl",1031368.32169484,640073249.522765
1972,"cast nets",2.0003407201,2485.4386582593
1972,"dredge",391890.575109489,3344820758.96244
1972,"gillnet",18153.2824702104,30120575.2400345
1972,"hand lines",3453.5725276967,9685501.74530168
1972,"hand or tools",203019.236390794,1266858222.48335
1972,"harpoon",441.21801024,3990298.04153097
1972,"lines",6822.9527511424,9621187.41866033
1972,"longline",283564.78688619,190437111.236424
1972,"mixed gear",5634.0140818167,3226.23260475586
1972,"other industrial",497.2980049529,938574.850544857
1972,"other nets",1306.7180392823,1082826.14237741
1972,"pelagic trawl",152181.927588139,100321239.794972
1972,"pole and line",932.6399015791,2153200.70447919
1972,"pots or traps",93435.9586953942,377190924.590569
1972,"purse seine",435784.919905496,25872022.0049796
1972,"shrimp trawl",76918.661225384,808311606.902096
1972,"small scale lines",15,21.499374135
1972,"unknown by source",266.6971264288,487767.306925672
1972,"unknown class",106306.958226913,182483965.848013
1973,"artisanal fishing gear",86,354016.42
1973,"bagnets",840.4288653598,5283702.01119914
1973,"bottom trawl",979186.572979097,764783665.432522
1973,"cast nets",3.0957654,4108.99670644174
1973,"dredge",415489.670220352,3125165792.66202
1973,"gillnet",20503.7821281798,36825746.0859876
1973,"hand lines",4175.8884520151,13076649.4563132
1973,"hand or tools",215650.36543223,1469122184.86572
1973,"harpoon",300.8131425598,3457262.58759176
1973,"lines",5321.4447491491,10376231.4239074
1973,"longline",279046.300589176,258398670.939383
1973,"mixed gear",3130.3381767,0
1973,"other",0.061618091,618.653052091481
1973,"other industrial",367.7691675578,795647.666615704
1973,"other nets",1493.950693768,1111062.70719421
1973,"pelagic trawl",162566.09833109,173471912.661538
1973,"pole and line",305.1141015316,1249715.38825623
1973,"pots or traps",92383.395778387,388439989.700148
1973,"purse seine",411662.77885316,38066957.3111157
1973,"shrimp trawl",73325.127634762,844086636.511136
1973,"small scale lines",12,27.185510904
1973,"trammel nets",23.1467997601,241227.680615608
1973,"unknown by source",346.8419108832,941819.824667014
1973,"unknown class",112232.671057852,201166500.931269
1974,"artisanal fishing gear",71.0508607562,335085.87749766
1974,"bagnets",899.5817980801,5075438.5207467
1974,"bottom trawl",761933.751960782,628774877.216388
1974,"cast nets",1.6669506,2287.77457106312
1974,"dredge",483715.41253602,2939388823.61796
1974,"gillnet",19403.9450766486,32277091.3385096
1974,"hand lines",3477.3997046782,10493251.9788879
1974,"hand or tools",214687.263579585,1399735751.33973
1974,"harpoon",776.3703351603,7245332.30221071
1974,"lines",6152.2519381639,11470804.0240784
1974,"longline",223309.741521522,248582436.811076
1974,"mixed gear",5827.3254816,0
1974,"other",2.2219140083,22306.9084441201
1974,"other industrial",146.930010669,272915.958737402
1974,"other nets",1770.0564453277,1141154.40149175
1974,"pelagic trawl",114599.596194661,150343814.596456
1974,"pole and line",2504.5644584284,11810625.4712433
1974,"pots or traps",100254.047453918,359198608.572119
1974,"purse seine",361835.024903651,27628678.2475639
1974,"shrimp trawl",77863.0120103581,787586617.180028
1974,"small scale lines",10,29.45780012
1974,"trammel nets",23.6230713601,205063.021979216
1974,"unknown by source",0.9294377304,2527.85351981195
1974,"unknown class",116456.810671618,197385420.697266
1975,"artisanal fishing gear",77.4683471467,296924.631829438
1975,"bagnets",845.0010727331,2443670.92799369
1975,"bottom trawl",659934.598735591,720155392.041092
1975,"cast nets",8.8110246001,16951.3381858994
1975,"dredge",487732.496665096,3471912942.06002
1975,"gillnet",21281.3914533181,35755721.6351061
1975,"hand lines",4601.951067434,13577850.9217764
1975,"hand or tools",205546.956355522,1227074823.4075
1975,"harpoon",708.4540050009,6298217.24534137
1975,"lines",5812.0589644091,13634953.8891745
1975,"longline",189444.283753634,138798607.811697
1975,"mixed gear",6074.6192063,0
1975,"other industrial",602.4927500447,296231.757975933
1975,"other nets",1907.7851847811,2035894.48495899
1975,"pelagic trawl",107737.242987268,105179760.969056
1975,"pole and line",399.3337454054,1514702.3419509
1975,"pots or traps",102915.012626006,364144787.036308
1975,"purse seine",311374.967275443,35642456.4144806
1975,"shrimp trawl",71832.6824644761,216723174.916376
1975,"small scale lines",10,41.24819006
1975,"trammel nets",72.0122659198,456120.456105935
1975,"unknown by source",145.877723434,335840.60229317
1975,"unknown class",124046.089483275,212332769.019371
1976,"artisanal fishing gear",62.7505265557,254794.183293167
1976,"bagnets",736.0301306399,2609479.2913935
1976,"bottom trawl",499077.119133842,904457196.889955
1976,"cast nets",13.3832319599,24000.8730575773
1976,"dredge",475372.000898538,3958508642.85779
1976,"gillnet",25980.7916301259,44902005.8586793
1976,"hand lines",3838.903026348,12486241.6776231
1976,"hand or tools",204450.811710187,1315458878.07237
1976,"harpoon",473.8426148399,3331985.78839353
1976,"lines",5564.3207472288,11430100.6045739
1976,"longline",164504.289269504,115665602.349189
1976,"mixed gear",12969.5819337,0
1976,"other",2.3898750298,26866.9242367451
1976,"other industrial",285.5455594796,488544.35737043
1976,"other nets",1702.374396271,1278382.41503427
1976,"pelagic trawl",65831.8825271553,62341986.9976995
1976,"pole and line",275.0034478099,1099008.41012378
1976,"pots or traps",91225.7558958583,349708606.082763
1976,"purse seine",423152.936380358,35023012.8530193
1976,"shrimp trawl",68775.2715778884,158945384.303921
1976,"small scale lines",10,53.07206632
1976,"trammel nets",78.0609152402,651317.847021293
1976,"unknown by source",465.238481396,1120171.77242092
1976,"unknown class",137405.556582507,245467041.560324
1977,"artisanal fishing gear",147.3123990733,663598.7533551
1977,"bagnets",492.6077158802,1083384.19465971
1977,"bottom trawl",466805.395965474,755689598.824375
1977,"cast nets",25.9091750399,37487.8391804749
1977,"dredge",629872.287404048,4551771368.38531
1977,"gillnet",32512.0004739326,54044441.3891194
1977,"hand lines",4465.0665392637,15657479.7708828
1977,"hand or tools",191547.883425825,1276832602.70655
1977,"harpoon",525.2799476409,5969072.88764697
1977,"lines",5425.8595061658,19936805.285068
1977,"longline",51013.0994404176,57623631.5535326
1977,"mixed gear",14646.4602454,0
1977,"other",0.4591492099,5183.6991239861
1977,"other industrial",239.2475950982,327162.791245008
1977,"other nets",1861.7009363216,2483893.07678283
1977,"pelagic trawl",21742.8132445315,17765821.4942973
1977,"pole and line",3.5104028999,6851.84559998442
1977,"pots or traps",101320.381658495,371850287.537886
1977,"purse seine",417910.153722847,42785436.6087199
1977,"shrimp trawl",46459.2967917188,98224932.2870473
1977,"small scale lines",10,69.35426254
1977,"trammel nets",25.4329034398,262542.859759371
1977,"unknown class",146620.111643532,273893482.541183
1978,"artisanal fishing gear",661.2174735068,7550335.99441996
1978,"bagnets",288.839198036,495437.090262178
1978,"bottom trawl",394794.406729687,706281341.633403
1978,"cast nets",1.093995865,1698.53979921568
1978,"dredge",692727.341421408,6305769628.90209
1978,"gillnet",28633.2115945162,44789185.1282916
1978,"hand lines",5270.2938382592,18257189.008572
1978,"hand or tools",202250.668983802,1497207172.60277
1978,"harpoon",810.4737630737,9173865.73303037
1978,"lines",2211.5124549297,5167671.06346188
1978,"longline",8033.6406844808,26494613.5141436
1978,"mixed gear",37306.8763596375,91256334.3604439
1978,"other industrial",225.7178110979,395469.776556693
1978,"other nets",1456.505074985,3366911.24470671
1978,"pelagic trawl",14659.4924599759,4306426.02398735
1978,"pole and line",255.8539103722,1714301.54642137
1978,"pots or traps",111662.371044736,384166952.345321
1978,"purse seine",395685.352906161,43614201.4383462
1978,"shrimp trawl",34307.3345396735,49644278.3776915
1978,"small scale lines",9,91.7296749
1978,"unknown by source",0.0846760837,377.447030353612
1978,"unknown class",162379.857807304,338199450.144861
1979,"artisanal fishing gear",693.2787721129,7952598.25445733
1979,"bagnets",404.3874511421,461775.165080576
1979,"bottom trawl",418815.922662341,614940267.008182
1979,"cast nets",0.32434096,460.168823571042
1979,"dredge",681902.657046968,6616168642.06767
1979,"gillnet",27380.0542531491,45411940.0452074
1979,"hand lines",5317.7125600624,23003253.9672071
1979,"hand or tools",197267.892849532,1430693534.02236
1979,"harpoon",871.4512923016,8320011.59484035
1979,"lines",2936.3143604714,5243447.80416828
1979,"longline",9350.8162896341,29407576.7170039
1979,"mixed gear",24618.445362417,70141595.3452329
1979,"other industrial",150.9916834753,351693.231010921
1979,"other nets",1331.4188583354,2340170.04887315
1979,"pelagic trawl",8817.3412151769,3013747.60911765
1979,"pole and line",1383.2401369957,6525769.82354018
1979,"pots or traps",106640.854887729,390612436.94311
1979,"purse seine",477172.534840505,46465739.1956754
1979,"shrimp trawl",65221.2350111825,137799723.384183
1979,"small scale lines",8,137.0795328
1979,"unknown by source",669.3501613128,1096055.45129447
1979,"unknown class",191993.493892146,426231389.441988
1980,"artisanal fishing gear",562.9579553796,6367849.59533016
1980,"bagnets",516.8244172193,705977.204941408
1980,"bottom trawl",390345.709469762,593961522.886195
1980,"dredge",626482.444154946,5687758548.60649
1980,"gillnet",38823.7880109888,57886872.1754316
1980,"hand lines",4228.6501195477,18764524.5381912
1980,"hand or tools",216191.575439593,1500076007.8547
1980,"harpoon",834.0768310308,4748699.53296959
1980,"lines",2512.8143712258,4963645.46682126
1980,"longline",8047.0857207591,27830336.3721852
1980,"mixed gear",35643.2306323651,59553915.2323363
1980,"other",160.551156361,413775.205232417
1980,"other industrial",224.1247847826,556663.293970581
1980,"other nets",1305.093616075,754284.260235372
1980,"pelagic trawl",10308.6569182101,2415616.20096985
1980,"pole and line",1900.2270944413,8754347.18669011
1980,"pots or traps",110409.829349907,368534862.015746
1980,"purse seine",516598.696015059,47082516.6523575
1980,"shrimp trawl",79936.7250051676,92583272.723274
1980,"small scale lines",7,171.97170816
1980,"unknown by source",12.0236057793,53274.9689290989
1980,"unknown class",209030.97098961,485287233.85362
1981,"artisanal fishing gear",520.2314933076,5844208.43514369
1981,"bagnets",144.4068536622,204944.399744131
1981,"bottom trawl",336574.231182705,580923097.3617
1981,"dredge",650185.074877657,5789305856.52926
1981,"gillnet",34551.8617261509,55198606.141344
1981,"hand lines",5299.5264175495,18077684.6100876
1981,"hand or tools",209545.610816699,1434287529.0229
1981,"harpoon",799.9849164775,4205633.92950579
1981,"lines",12032.8772509837,19574661.28602
1981,"longline",10910.5165538471,25299471.7464599
1981,"mixed gear",88413.6328282796,412386421.8115
1981,"other",39.0008481541,96027.6991515447
1981,"other industrial",279.5400851695,631192.594440309
1981,"other nets",1189.6693820782,1102859.98082536
1981,"pelagic trawl",3809.8518298604,1066734.00003072
1981,"pole and line",1706.7231631707,7224792.07504109
1981,"pots or traps",125873.365522491,388350069.939786
1981,"purse seine",462776.642532255,38585386.875939
1981,"shrimp trawl",41009.9393617612,89050908.9884577
1981,"small scale lines",6.08,213.6948978112
1981,"unknown by source",15.5562341508,62672.2025484051
1981,"unknown class",230711.486736772,404511917.702694
1982,"artisanal fishing gear",188.203349497,2305883.98086937
1982,"bagnets",365.9977156623,2250259.22943101
1982,"bottom trawl",373712.887828333,592230679.666144
1982,"cast nets",0.2474898749,318.607538432803
1982,"dredge",584598.642628909,3994009384.49431
1982,"gillnet",27388.1311667066,40202968.2766782
1982,"hand lines",4985.8049191603,18399907.4658406
1982,"hand or tools",190984.900564839,1140583492.05595
1982,"harpoon",292.8390370901,2386226.58158967
1982,"lines",9286.2673509878,15326126.3720868
1982,"longline",10750.5675734449,22002977.7408757
1982,"mixed gear",72218.367616167,348106068.720532
1982,"other industrial",247.7868921924,666049.475866734
1982,"other nets",997.842199173,2809644.5521514
1982,"pelagic trawl",3236.9733780181,954976.200029821
1982,"pole and line",1494.3325347267,7795218.29082723
1982,"pots or traps",117150.782481274,403165012.620982
1982,"purse seine",440489.729404319,25113588.5209743
1982,"shrimp trawl",63003.9714300259,139974499.715079
1982,"small scale lines",9.04,392.2604040848
1982,"unknown by source",589.3145436766,1153426.87903132
1982,"unknown class",222998.034733318,433519786.44704
1983,"artisanal fishing gear",418.2495599353,5704132.61698563
1983,"bagnets",195.266154327,734855.134893513
1983,"bottom trawl",343526.810581815,582906919.830082
1983,"cast nets",0.4013864891,558.675810404546
1983,"dredge",538051.805844806,4738122203.48847
1983,"gillnet",47600.1619716644,104980741.763486
1983,"hand lines",4862.8172739086,26148492.374674
1983,"hand or tools",155547.983957342,801577199.09884
1983,"harpoon",528.150340763,4765403.05082774
1983,"lines",10692.3801590872,20804605.1716565
1983,"longline",9223.89814511,25222465.1156567
1983,"mixed gear",73848.1739767901,322567332.69104
1983,"other",0.1214050986,1081.07654983479
1983,"other nets",590.7734846269,563006.208143338
1983,"pelagic trawl",2504.6163645794,3796177.86901857
1983,"pole and line",924.3618162638,8124934.28648359
1983,"pots or traps",118592.117057897,440499343.109133
1983,"purse seine",460974.181629278,40782486.7892471
1983,"shrimp trawl",65350.6130384962,149930278.419342
1983,"small scale lines",3.11,162.2421954039
1983,"unknown by source",6.820332554,27286.6064547472
1983,"unknown class",222790.764178359,430125162.96172
1984,"artisanal fishing gear",166.7862999594,2554292.19939996
1984,"bagnets",337.262325768,377193.993003392
1984,"bottom trawl",333207.360298805,552174309.090703
1984,"cast nets",1.9353468663,45703.0089055458
1984,"dredge",580056.998418557,4219687937.6196
1984,"gillnet",32149.7451458764,43377357.4012971
1984,"hand lines",5061.9512384618,29984357.7498561
1984,"hand or tools",165503.560992569,1022882642.04195
1984,"harpoon",239.8139644444,2784552.43029818
1984,"lines",9125.9801169924,15393085.1631866
1984,"longline",9754.5807822639,22712360.2457142
1984,"mixed gear",211372.506143972,566529200.876401
1984,"other nets",873.3374290178,2341611.18700915
1984,"pelagic trawl",7849.5661551749,6500921.91670163
1984,"pole and line",502.6617501384,6439864.53027504
1984,"pots or traps",109626.29031281,451876042.665153
1984,"purse seine",389941.216591271,53427435.794473
1984,"shrimp trawl",45043.9121385038,133512778.45768
1984,"small scale lines",4.24,274.584486292
1984,"unknown by source",7.8701980799,126360.451067058
1984,"unknown class",196250.89774393,439803700.498237
1985,"artisanal fishing gear",195.7327365495,2982910.84494654
1985,"bagnets",578.277503618,797798.873039257
1985,"bottom trawl",306947.640345911,526275816.492107
1985,"cast nets",0.4492904351,9785.22186524695
1985,"dredge",597662.0920012,3985073924.74292
1985,"gillnet",29741.9598704348,40213421.0374508
1985,"hand lines",4504.1269322546,26800266.7582442
1985,"hand or tools",160173.772617982,909326569.818359
1985,"harpoon",270.8494322304,3598878.59249984
1985,"lines",10031.8757085426,19455590.641458
1985,"longline",11942.2077896098,25960065.8763576
1985,"mixed gear",81453.6497646284,302928083.187858
1985,"other nets",1071.6355819112,2167885.71947097
1985,"pelagic trawl",11837.707677086,13842933.1235109
1985,"pole and line",699.1877349718,7418408.61764751
1985,"pots or traps",116011.853718925,424187780.409285
1985,"purse seine",413219.654510118,44055185.6825775
1985,"shrimp trawl",74387.3319587329,190219185.446551
1985,"small scale lines",5.52,398.7520332336
1985,"unknown class",200015.832523646,484863166.787163
1986,"artisanal fishing gear",133.3589087399,2109079.4747215
1986,"bagnets",603.1292620793,1968335.15167771
1986,"bottom trawl",254765.966877441,611733117.065822
1986,"cast nets",22.5544489182,234877.673084219
1986,"dredge",582810.56049723,3649668991.47697
1986,"gillnet",34200.3875861265,52991274.460321
1986,"hand lines",4841.5566021241,24210199.0612117
1986,"hand or tools",155244.124610248,1109759766.08787
1986,"harpoon",88.7982492887,769489.11348795
1986,"lines",8435.4860176015,16955141.7754357
1986,"longline",12555.9350794821,29333450.5640933
1986,"mixed gear",34230.5145725518,139851545.578267
1986,"other nets",720.8023893762,3390590.36912562
1986,"pelagic trawl",19263.5167208866,28871165.7652636
1986,"pole and line",3496.615943107,14966062.7870751
1986,"pots or traps",97600.3572300996,411623230.408991
1986,"purse seine",305828.792496941,35216993.3616834
1986,"shrimp trawl",68419.0141350141,244547370.276051
1986,"small scale lines",8,747.01312144
1986,"unknown by source",33.5976480144,112545.820508344
1986,"unknown class",236391.028039975,560505976.735717
1987,"artisanal fishing gear",146.5540550552,3691869.70851328
1987,"bagnets",561.275193002,1834356.07835801
1987,"bottom trawl",253539.259707147,743199497.799793
1987,"cast nets",74.7839784799,761002.700783819
1987,"dredge",651373.073226884,4140645036.55989
1987,"gillnet",37282.2882114744,73701424.7929108
1987,"hand lines",5518.382838584,38233678.2575555
1987,"hand or tools",107270.952393895,919671828.204638
1987,"harpoon",213.2280536328,4398688.69347667
1987,"lines",8648.9596552808,20974602.6362433
1987,"longline",27127.5206583502,155885075.998565
1987,"mixed gear",73575.4895504805,316310070.688096
1987,"other nets",472.1836281251,1815614.3077174
1987,"pelagic trawl",21600.7427439059,26204329.815144
1987,"pole and line",12734.4667718213,61559565.6766571
1987,"pots or traps",103236.038677916,484072096.49058
1987,"purse seine",387845.022486223,39347120.8387987
1987,"shrimp trawl",62540.5834914555,267638779.559646
1987,"small scale lines",13,1451.0704312
1987,"unknown by source",175.5232328279,688783.535586151
1987,"unknown class",230178.718446309,659627808.049219
1988,"artisanal fishing gear",72.0006688271,2359794.69744078
1988,"bagnets",340.7833812662,643750.398299994
1988,"bottom trawl",260388.817332065,652177791.820246
1988,"cast nets",3.5019259581,19518.1189088216
1988,"dredge",635809.056575606,3959315461.95576
1988,"gillnet",36819.011675605,61305128.7733208
1988,"hand lines",5015.8312580956,33096099.3829852
1988,"hand or tools",85487.808911789,720991441.996792
1988,"harpoon",238.1392902253,6509158.53938632
1988,"lines",7683.9309316505,17509887.415825
1988,"longline",19824.5831192629,75882121.6423732
1988,"mixed gear",72914.5636191989,273991242.72854
1988,"other nets",41.2000246189,223256.127664588
1988,"pelagic trawl",22561.4569529359,35005691.8417318
1988,"pole and line",4213.6468890882,21041502.4755026
1988,"pots or traps",114294.71915896,500451334.557641
1988,"purse seine",369699.975009598,58052735.7696559
1988,"shrimp trawl",66829.1127829189,176789298.101074
1988,"small scale lines",242.17730472,31887.9700913096
1988,"unknown by source",28.3991432195,183971.826423139
1988,"unknown class",146671.891426331,366407566.653292
1989,"artisanal fishing gear",181.7615963815,6104422.80430215
1989,"bagnets",436.7113036316,1062959.90617373
1989,"bottom trawl",243424.78119621,511433148.808557
1989,"cast nets",2.4923362632,11165.0722523221
1989,"dredge",739049.100055074,4021068386.16279
1989,"gillnet",42642.1310891803,82973182.4909479
1989,"hand lines",5449.6246512978,49553807.6578993
1989,"hand or tools",81338.6572063129,708157243.320062
1989,"harpoon",282.1205403603,8167632.00726724
1989,"lines",9276.9128502497,20162861.1261272
1989,"longline",33910.9822603248,136046335.405564
1989,"mixed gear",47845.6931685954,171920082.123425
1989,"other nets",459.1027248383,358546.209946863
1989,"pelagic trawl",18337.6176613362,24385003.7655883
1989,"pole and line",8041.5038237381,45475222.0240835
1989,"pots or traps",110905.788766016,481690370.361021
1989,"purse seine",384665.624901845,48256070.7311977
1989,"shrimp trawl",86019.1771184315,226734629.026288
1989,"small scale lines",1013.96409272,166779.893886517
1989,"unknown by source",6.1750900862,79083.8587156166
1989,"unknown class",163537.374222533,683752736.380245
1990,"bagnets",527.4221592733,1849388.65207143
1990,"bottom trawl",243662.776333428,502503539.324681
1990,"cast nets",15.7127036851,122385.24582407
1990,"dredge",818936.94024864,4454625984.91998
1990,"gillnet",37806.6612358523,65435351.1500342
1990,"hand lines",5823.4384662947,44357869.6536236
1990,"hand or tools",88683.1002902701,810600917.801409
1990,"harpoon",228.1490230072,6160238.44687955
1990,"lines",10902.8282197485,22390586.2025893
1990,"longline",5117.5068205227,17250255.8886537
1990,"mixed gear",34465.930955276,134941360.894542
1990,"other",31.1800570921,102338.356959812
1990,"other nets",430.1000852149,141819.323345591
1990,"pelagic trawl",9102.5511426692,13437256.1342387
1990,"pole and line",189.5958270098,775497.86582004
1990,"pots or traps",116101.116965895,474684787.969733
1990,"purse seine",462228.575849285,87499716.4902212
1990,"shrimp trawl",75558.0447196843,239181624.072999
1990,"small scale lines",710.29332056,120662.027350241
1990,"unknown class",133321.319896499,397664508.802202
1991,"artisanal fishing gear",132,4171079.38
1991,"bagnets",691.0092519277,1543742.81697933
1991,"bottom trawl",268592.24891844,586241823.620593
1991,"cast nets",2.152168043,19944.7595815473
1991,"dredge",793727.656255028,4771098174.40361
1991,"gillnet",41348.0307241815,72534414.0426663
1991,"hand lines",6161.9988592024,49206839.0996836
1991,"hand or tools",84116.191375401,608954395.953433
1991,"harpoon",276.7554520212,5359132.42581299
1991,"lines",10450.173709638,18103650.2724181
1991,"longline",22571.3709590264,127895408.763897
1991,"mixed gear",27845.433843624,80906495.2879363
1991,"other",21.39831377,87372.4417412513
1991,"other nets",225.1514067803,84204.7208188588
1991,"pelagic trawl",2583.7033000217,1761809.44369364
1991,"pole and line",13003.7006382162,58885878.2450274
1991,"pots or traps",116272.338378904,471872279.506444
1991,"purse seine",429515.008006032,54776725.5583423
1991,"shrimp trawl",92210.7876120058,182968453.101566
1991,"small scale lines",506.29031856,89676.0248764775
1991,"trammel nets",5.9765951342,7821.50197044562
1991,"unknown by source",317.1786332347,825592.481310002
1991,"unknown class",153276.879795314,402446885.815683
1992,"artisanal fishing gear",107.2900000001,3165958.49951112
1992,"bagnets",635.6698842463,1668851.68893492
1992,"bottom trawl",273104.715237465,492845221.921859
1992,"cast nets",1.6347480868,3766.31707754229
1992,"dredge",799548.860817778,5255050817.52769
1992,"gillnet",43862.3933620582,70368667.9442834
1992,"hand lines",5223.6312602727,38639552.3258557
1992,"hand or tools",77826.1447325878,477157597.896632
1992,"harpoon",266.3954304752,4088534.47461878
1992,"lines",5324.4143822724,12162155.9243846
1992,"longline",25563.8031645783,128874593.683912
1992,"mixed gear",31897.9478482265,77396917.5681327
1992,"other",56.8211274361,216178.927776599
1992,"other nets",46.634084429,752493.183034925
1992,"pelagic trawl",2635.5136717704,909075.111325793
1992,"pole and line",12760.4851749322,46657046.7705149
1992,"pots or traps",100747.859829934,462248897.390804
1992,"purse seine",396130.803799745,54478721.0185228
1992,"shrimp trawl",69093.004266947,100475057.204556
1992,"small scale lines",435.82933728,108681.386447291
1992,"unknown by source",578.5643057404,1511165.3975459
1992,"unknown class",134421.132190862,289526824.391765
1993,"artisanal fishing gear",88.2,3059107.5372
1993,"bagnets",995.6510959398,3264166.77956863
1993,"bottom trawl",267783.636215008,454713648.287932
1993,"cast nets",4.193598317,8534.40374587079
1993,"dredge",701474.539861596,3843784337.33943
1993,"gillnet",51896.5822565968,78582958.6116045
1993,"hand lines",5212.9925951022,45197325.1366116
1993,"hand or tools",72500.4905759682,210865549.073936
1993,"harpoon",159.6660628297,3691636.20862429
1993,"lines",10789.7144933635,24985084.3483608
1993,"longline",22887.2419906395,105313973.952369
1993,"mixed gear",36739.4288874881,107821933.308905
1993,"other",95.3744078182,194131.593819113
1993,"other nets",19.5700316268,72227.4308371423
1993,"pelagic trawl",7702.0208419138,1567552.01804068
1993,"pole and line",15731.917976949,75546803.0812406
1993,"pots or traps",129662.86046505,527074922.410404
1993,"purse seine",426598.962728393,70470358.4555264
1993,"shrimp trawl",73830.9715044214,62816687.0854074
1993,"small scale lines",404.73560568,123012.693545674
1993,"trammel nets",14.9842472809,7740.87336043804
1993,"unknown by source",531.7423505241,2119044.49054698
1993,"unknown class",115647.497863392,347156849.065946
1994,"artisanal fishing gear",70.184082,2254346.18153325
1994,"bagnets",513.7608482852,2714354.10120985
1994,"bottom trawl",249121.491103102,456626400.63742
1994,"cast nets",23.6321268077,40902.7610021086
1994,"dredge",563715.418162093,2847036760.06942
1994,"gillnet",50848.9680727874,77882471.6927788
1994,"hand lines",5303.2837689251,46157499.7909404
1994,"hand or tools",58297.1720046747,204101732.549826
1994,"harpoon",137.0126619737,2887765.13348999
1994,"lines",8915.0526441122,25776816.0432367
1994,"longline",21397.2998813356,94412995.7286739
1994,"mixed gear",56795.2418933656,161831596.053167
1994,"other",70687.7755598174,574097071.928221
1994,"other nets",14.9204891883,170952.288256586
1994,"pelagic trawl",8142.9579911397,1020453.49981677
1994,"pole and line",16167.2409305776,67036256.5155629
1994,"pots or traps",116678.537958081,526045935.717274
1994,"purse seine",355768.799311263,54481769.0355474
1994,"shrimp trawl",71580.393843785,121148019.699386
1994,"small scale lines",142.00151152,47183.8870230716
1994,"unknown by source",627.6553996863,1808815.90857287
1994,"unknown class",121059.593050576,386617991.51174
1995,"artisanal fishing gear",65.1029968998,2514246.84055012
1995,"bagnets",319.2004318496,2171348.48849865
1995,"bottom trawl",222176.017773622,444240763.569994
1995,"cast nets",70.2711530548,186624.747857919
1995,"dredge",591570.448968685,2752056981.83511
1995,"gillnet",55028.8995938446,83196310.6612114
1995,"hand lines",5532.646244384,42393614.6394317
1995,"hand or tools",52481.8140035853,184159446.867376
1995,"harpoon",135.5626157319,3672143.39659677
1995,"lines",1056.6067599275,5901851.68828948
1995,"longline",20526.7987677597,92778468.0438623
1995,"mixed gear",35681.5726792766,115771469.568557
1995,"other",73006.4714719677,441223174.895608
1995,"other nets",188.5151898128,428668.177851353
1995,"pelagic trawl",35954.9438465591,4541985.0564832
1995,"pole and line",13504.1513223836,70397982.0060179
1995,"pots or traps",109459.949019168,592572472.897722
1995,"purse seine",447249.017614304,64216153.9832302
1995,"shrimp trawl",105437.902629331,183113103.860236
1995,"small scale lines",978.29815376,304478.150399845
1995,"unknown by source",572.7185702195,1550751.05921639
1995,"unknown class",124210.323368247,399086829.550315
1996,"artisanal fishing gear",97.211837,2870142.54799822
1996,"bagnets",283.5890564387,2059040.29836592
1996,"bottom trawl",271818.230602842,411614321.917485
1996,"cast nets",54.9934117498,180623.154805247
1996,"dredge",566560.063291863,2950632805.04148
1996,"gillnet",62097.990957466,82050682.7466137
1996,"hand lines",6037.430534435,36893538.832784
1996,"hand or tools",46631.6390686431,179937243.813287
1996,"harpoon",138.612600545,3393019.22648502
1996,"lines",879.9075538398,4808309.60600177
1996,"longline",19371.2081864534,91300613.8480464
1996,"mixed gear",33148.3443993914,127332784.37717
1996,"other",72809.6735065963,468614267.020397
1996,"other nets",203.7371084623,388193.494505086
1996,"pelagic trawl",46048.5161956093,7741966.43147753
1996,"pole and line",16068.7336731722,77166585.9224042
1996,"pots or traps",111954.445258108,612070790.892278
1996,"purse seine",404645.704619665,56025189.3975564
1996,"shrimp trawl",80193.2274770322,192907448.953889
1996,"small scale lines",132.9931744,46564.3097294743
1996,"trammel nets",0.012578778,7.45371579608709
1996,"unknown by source",570.686459922,1514187.57502478
1996,"unknown class",110912.8258567,289298650.275624
1997,"artisanal fishing gear",99.237,2543846.763751
1997,"bagnets",406.2695984792,2915774.04566148
1997,"bottom trawl",258579.96913639,398530383.173872
1997,"cast nets",1826.3754153305,4706138.28527365
1997,"dredge",505980.243456781,2571634589.53146
1997,"gillnet",59642.4383348646,78837576.3916358
1997,"hand lines",9469.4432834594,52038625.7133752
1997,"hand or tools",51003.6624352851,256951849.971239
1997,"harpoon",211.2718143718,3215056.41953999
1997,"lines",1023.4896017656,5432664.0957818
1997,"longline",22277.6879645453,90290100.7733032
1997,"mixed gear",3505.6175206547,307696.495193347
1997,"other",67975.2509230419,342182903.613816
1997,"other nets",59.67092529,811751.746482214
1997,"pelagic trawl",49694.3483752741,6291992.66559407
1997,"pole and line",17295.1162043939,76875576.7690134
1997,"pots or traps",125888.139766221,677985157.279743
1997,"purse seine",386377.688935427,51987033.5879038
1997,"shrimp trawl",73981.4768701418,177065334.507156
1997,"small scale lines",17.37710952,6599.33871042951
1997,"unknown by source",408.137458895,1049826.65457459
1997,"unknown class",127817.844652303,387973649.151567
1998,"artisanal fishing gear",125.5752677745,2258025.56453551
1998,"bagnets",846.2406398889,7112633.00352562
1998,"bottom trawl",327094.370995878,422630544.874052
1998,"cast nets",1568.8019858492,2912305.7982746
1998,"dredge",455115.483188957,2303087908.40193
1998,"gillnet",60943.1417586206,83113855.9924701
1998,"hand lines",9169.9358467701,47510354.184632
1998,"hand or tools",32773.8805775337,117056336.611462
1998,"harpoon",234.1754632869,3098862.05128463
1998,"lines",758.1667280769,4533159.31625001
1998,"longline",8367.1682526264,33774506.6141486
1998,"mixed gear",3355.3182388659,202911.847747833
1998,"other",76032.1382958029,411190807.484396
1998,"other nets",43.9816734659,249557.281408427
1998,"pelagic trawl",61848.8756685799,8921996.32021302
1998,"pole and line",10699.4578815804,45603668.8533248
1998,"pots or traps",122547.327568597,649616394.283088
1998,"purse seine",337635.079420626,42968950.3523735
1998,"shrimp trawl",71286.6346290317,140266037.112146
1998,"small scale lines",25.59166064,10732.5207869999
1998,"trammel nets",0.40824792,715.715235373228
1998,"unknown by source",491.9843958147,1445876.81677795
1998,"unknown class",119994.48642872,316917337.124432
1999,"artisanal fishing gear",108.8781307572,2297431.37696643
1999,"bagnets",520.6219616408,2946352.1117853
1999,"bottom trawl",220036.522747013,483557463.19277
1999,"cast nets",1298.5927528173,2768625.29814287
1999,"dredge",532264.589655211,2843953452.60473
1999,"gillnet",51605.5663435988,75427289.3320411
1999,"hand lines",8859.6938390655,48717082.678296
1999,"hand or tools",47720.1548277886,240173822.785508
1999,"harpoon",242.6628225479,3086077.72341945
1999,"lines",6426.8467842162,20118902.4067401
1999,"longline",7294.8518524257,18513956.220615
1999,"mixed gear",4200.7597270985,168328.709449526
1999,"other",53356.7547149208,257299913.44518
1999,"other nets",52.3641193282,667340.926561481
1999,"pelagic trawl",60936.7428796052,8011392.57494142
1999,"pole and line",11336.9406578607,53727308.7952768
1999,"pots or traps",138609.04437732,743717689.609867
1999,"purse seine",258969.710463768,36529134.5567873
1999,"shrimp trawl",88390.8931824741,124523977.396153
1999,"unknown by source",460.0982550699,1207935.38897312
1999,"unknown class",144844.383903256,379071529.098549
2000,"artisanal fishing gear",173.2641164932,4365857.98261988
2000,"bagnets",456.337499977,2156171.53427138
2000,"bottom trawl",216611.78845964,472188677.257269
2000,"cast nets",1368.1628778049,2722587.35964731
2000,"dredge",624445.33656531,3171922564.57172
2000,"gillnet",46316.0487127122,78871700.1125465
2000,"hand lines",8635.1260345652,47848273.8089706
2000,"hand or tools",54516.4081889245,269571341.624195
2000,"harpoon",331.4865176537,5739548.50934494
2000,"lines",4042.8843173767,16131695.8936847
2000,"longline",6730.7277732245,17884642.7504333
2000,"mixed gear",2469.5628878271,492694.856905762
2000,"other",46643.6544291658,133186538.003921
2000,"other nets",51.9905539336,699163.009386362
2000,"pelagic trawl",54318.2950731095,8554123.25744955
2000,"pole and line",12018.2783521094,62382571.9535368
2000,"pots or traps",127578.685560971,734136087.804086
2000,"purse seine",256426.723981783,43378038.4986858
2000,"shrimp trawl",85509.6885488626,89494037.2449235
2000,"small scale lines",4.56313552,2873.99282084875
2000,"unknown by source",42.3577126053,120191.495792141
2000,"unknown class",165138.172104912,538905093.423751
2001,"artisanal fishing gear",101.4222894076,2033685.5733674
2001,"bagnets",435.1149731986,1330310.45745367
2001,"bottom trawl",201517.308159621,514322415.447081
2001,"cast nets",1668.9099998943,3106684.73589282
2001,"dredge",769415.55386706,3237763598.65361
2001,"gillnet",45314.0211012579,75820916.3472402
2001,"hand lines",9360.6151317595,50237105.9551238
2001,"hand or tools",42088.6110211832,269627963.172088
2001,"harpoon",218.6871315836,2923776.20102628
2001,"lines",4824.1766391442,18147642.4081787
2001,"longline",6150.303988946,17201481.9986005
2001,"mixed gear",4537.2451306331,1061218.52875917
2001,"other",41108.5813651616,176262549.727076
2001,"other nets",23.6791758582,221021.326543161
2001,"pelagic trawl",100165.669069102,14202320.2212407
2001,"pole and line",15029.6949449089,80979697.7722888
2001,"pots or traps",114702.388200908,659237186.421171
2001,"purse seine",311822.112320506,43037559.3051257
2001,"shrimp trawl",63344.8123725191,67447740.0077665
2001,"unknown by source",33.2711679971,134508.750699602
2001,"unknown class",157384.742924465,441554724.739143
2002,"artisanal fishing gear",54.4512685448,987293.385432545
2002,"bagnets",514.3772838002,2014008.01824883
2002,"bottom trawl",184024.448021666,449690531.850982
2002,"cast nets",1677.5523217205,3376014.34543762
2002,"dredge",861900.369198414,3840026418.93618
2002,"gillnet",42873.7221655954,69267135.8812465
2002,"hand lines",9533.8179566388,48095676.7602058
2002,"hand or tools",35378.2368501371,233812162.674686
2002,"harpoon",189.4925647124,1652318.71954012
2002,"lines",4460.9605511644,14648353.047703
2002,"longline",5856.7929616928,15602893.2102456
2002,"mixed gear",4845.3527287419,2356232.34048868
2002,"other",45057.4173733011,172397347.317677
2002,"other nets",28.952945745,310060.757275987
2002,"pelagic trawl",75752.1081184332,15031067.8690354
2002,"pole and line",14118.4464526911,74072630.4550434
2002,"pots or traps",121761.550423896,888495690.37521
2002,"purse seine",251232.540959628,33389464.6498093
2002,"shrimp trawl",74249.9759086222,52594593.8369922
2002,"small scale lines",19.97619168,16262.7880196316
2002,"unknown by source",67.0130345913,154027.252096914
2002,"unknown class",156173.678547218,384385575.923683
2003,"artisanal fishing gear",82.4386457489,1192097.44176059
2003,"bagnets",362.3629389172,991250.325040342
2003,"bottom trawl",177879.156665312,422012257.206773
2003,"cast nets",2342.0769469665,4345019.90954983
2003,"dredge",895264.539474009,3600931986.00134
2003,"gillnet",45555.490133286,73225149.4320944
2003,"hand lines",8687.1960369241,42196390.548073
2003,"hand or tools",29500.0892279464,133832730.263522
2003,"harpoon",194.9421855848,1706553.97042364
2003,"lines",4566.2484588496,15094497.6953882
2003,"longline",5072.7681292727,13558090.9031737
2003,"mixed gear",4131.3566742624,718972.020742226
2003,"other",47038.2763272632,128660994.991987
2003,"other nets",43.7697082179,532725.121580144
2003,"pelagic trawl",123868.719256817,23616231.8190428
2003,"pole and line",5863.812014379,34070270.6096492
2003,"pots or traps",110476.647513535,665500462.535342
2003,"purse seine",244481.404710998,29924842.1638806
2003,"shrimp trawl",67555.4461622518,52018259.736759
2003,"unknown by source",17.4558514574,40255.9795031667
2003,"unknown class",169809.653649474,526929531.57781
2004,"artisanal fishing gear",39.0148221576,678904.763668363
2004,"bagnets",388.5274284046,1054238.92354563
2004,"bottom trawl",283272.69856883,583050835.652269
2004,"cast nets",2158.6226980985,4375134.58963811
2004,"dredge",911490.283744756,5290593750.08397
2004,"gillnet",48316.8515944404,72464284.9924106
2004,"hand lines",7684.3893355152,33802806.9220997
2004,"hand or tools",27478.8771654269,209888710.231508
2004,"harpoon",176.4008568081,1478425.56117926
2004,"lines",8554.2434748601,20536817.0898989
2004,"longline",4319.8773492683,17727635.9966109
2004,"mixed gear",5413.2710584193,742244.22908519
2004,"other",70011.6423213111,396373199.846281
2004,"other nets",120.3186735682,383977.05281018
2004,"pelagic trawl",104557.13642933,27107155.95076
2004,"pole and line",6249.8225079626,36254128.7698193
2004,"pots or traps",119914.758439292,754118798.101903
2004,"purse seine",251504.877497127,38722671.885482
2004,"shrimp trawl",68831.5485997365,74881737.2943123
2004,"small scale lines",123.5584608,129244.749172582
2004,"trammel nets",0.4034574841,968.10461609921
2004,"unknown by source",20.6686490738,65264.9248666007
2004,"unknown class",159819.181212765,429660663.482776
2005,"artisanal fishing gear",29.5649472208,428880.008068281
2005,"bagnets",340.2761859821,881637.297449113
2005,"bottom trawl",154617.503180388,457865892.840003
2005,"cast nets",1849.546379129,3752174.74176715
2005,"dredge",797560.559406729,5492385124.82696
2005,"gillnet",41432.1033715583,110107816.162128
2005,"hand lines",18966.855976501,130616247.639576
2005,"hand or tools",33068.4129680843,358726445.931763
2005,"harpoon",211.0299649837,1205868.06760327
2005,"lines",8107.9774743771,19831947.0775506
2005,"longline",15268.9499341001,142430130.486551
2005,"mixed gear",4395.2151626191,760630.329113101
2005,"other",62424.3612953891,447863673.299879
2005,"other nets",1087.8045996549,1134687.98460366
2005,"pelagic trawl",118401.392868286,52316457.7528894
2005,"pole and line",6062.5044360269,30057269.2547182
2005,"pots or traps",123391.893922781,825752558.258176
2005,"purse seine",221451.542600947,41402474.9338659
2005,"shrimp trawl",46323.3942847458,36690288.2659907
2005,"small scale lines",261.8133024,310705.006797348
2005,"unknown by source",21.8934770257,68504.047752181
2005,"unknown class",151961.837427578,506554880.799467
2006,"artisanal fishing gear",125.0933079106,1372627.97962342
2006,"bagnets",220.8182413153,560378.851904592
2006,"bottom trawl",115148.897832456,412860212.508492
2006,"cast nets",2085.0002616468,4091814.58502851
2006,"dredge",789988.614458418,4340302089.57886
2006,"gillnet",37620.905072153,104587648.255812
2006,"hand lines",10472.7292091182,68350253.8377761
2006,"hand or tools",39647.6285277802,311890327.856727
2006,"harpoon",172.671157343,1114315.77988701
2006,"lines",21945.6305147911,40455126.194466
2006,"longline",3878.5762972206,12234303.6656321
2006,"mixed gear",4962.3907136461,306634.448611143
2006,"other",146561.994534213,1208892169.06062
2006,"other nets",2633.8755275899,1156174.40291783
2006,"pelagic trawl",135384.046821855,122494109.86665
2006,"pole and line",6369.963462277,42632334.5128401
2006,"pots or traps",118022.646298732,783435848.794038
2006,"purse seine",218799.758099023,76335863.145649
2006,"shrimp trawl",59189.2289363954,45052302.8963831
2006,"small scale lines",476.1808816,669063.58091191
2006,"unknown by source",621.4120347687,1014325.41544797
2006,"unknown class",153197.617173153,504913148.874315
2007,"artisanal fishing gear",147.4067818058,1598892.05433269
2007,"bagnets",641.3573167817,4760873.08297286
2007,"bottom trawl",82096.9621921454,272372565.971418
2007,"cast nets",1942.5449714731,3762566.69292179
2007,"dredge",748851.526941211,3950101236.68581
2007,"gillnet",43480.2407308544,96249313.8676202
2007,"hand lines",22714.7296852389,87795458.8349102
2007,"hand or tools",33039.3251698669,298317634.349478
2007,"harpoon",158.3096779566,837985.528744822
2007,"lines",5236.0911806476,17536862.635431
2007,"longline",3350.2037127358,14694953.7778045
2007,"mixed gear",5598.9622572243,619336.269635018
2007,"other",173824.216373978,1585840949.08109
2007,"other nets",3806.380786879,5061030.30781362
2007,"pelagic trawl",71107.8707347184,33020338.9398589
2007,"pole and line",6417.3720389124,39646395.8164898
2007,"pots or traps",116294.750661583,687370944.027235
2007,"purse seine",490285.312793366,354652611.153464
2007,"shrimp trawl",62693.775629684,71934734.6269136
2007,"small scale lines",412.17451448,514338.797625573
2007,"trammel nets",6.5949782039,29323.6554077448
2007,"unknown by source",596.0374533842,1217668.59837431
2007,"unknown class",150428.2144997,499815579.9853
2008,"artisanal fishing gear",141.3267021373,1254201.92583054
2008,"bagnets",1482.6432879499,11671228.8141108
2008,"bottom trawl",84182.7653949883,314647412.333676
2008,"cast nets",1758.3604160194,3145875.65391738
2008,"dredge",690742.425389003,3963123533.06146
2008,"gillnet",42291.6886203587,93067375.037315
2008,"hand lines",14074.1336869171,59486612.0225154
2008,"hand or tools",33779.1989377343,312834823.283153
2008,"harpoon",158.0302547194,1279656.26690935
2008,"lines",6550.758987808,21067939.2943506
2008,"longline",4061.9011102006,17197313.5110754
2008,"mixed gear",4854.1479880849,699298.441601299
2008,"other",162478.926876954,1565553721.19283
2008,"other nets",4020.367343937,3701851.77539685
2008,"pelagic trawl",80298.214207265,37055415.5100641
2008,"pole and line",4495.0968642665,30025217.2526501
2008,"pots or traps",124956.060183306,640097818.095299
2008,"purse seine",234569.53204365,53849767.6116262
2008,"shrimp trawl",65870.3436340323,79654878.8490767
2008,"small scale lines",141.98336784,208294.301264639
2008,"trammel nets",0.022502363,93.809623494958
2008,"unknown by source",372.5713414643,716530.896280554
2008,"unknown class",149946.869997162,492648219.426067
2009,"artisanal fishing gear",113.3336233573,1411878.27110475
2009,"bagnets",1598.4125030932,13277365.8441471
2009,"bottom trawl",96758.1985445583,303026860.873093
2009,"cast nets",1821.1798848628,3451590.42342855
2009,"dredge",675257.163375679,3776250068.76583
2009,"gillnet",43488.0892435941,95046201.2315681
2009,"hand lines",13655.9865208711,51732570.7920544
2009,"hand or tools",32990.9700536386,281036484.308169
2009,"harpoon",175.3538259138,1717536.81764262
2009,"lines",7953.357797927,22441727.4104237
2009,"longline",4143.8638202859,17661324.0464004
2009,"mixed gear",5277.7062738536,423619.805704101
2009,"other",173611.989129077,1727234936.4002
2009,"other nets",2633.403414577,3240263.30333667
2009,"pelagic trawl",95435.898610332,55486469.0148067
2009,"pole and line",4767.7349969179,32042077.2331448
2009,"pots or traps",129306.922544402,609834068.529649
2009,"purse seine",222430.739615792,49567320.5349979
2009,"shrimp trawl",54075.1327418534,53817078.5191164
2009,"small scale lines",275.9426932,375837.37645042
2009,"unknown by source",503.720949312,930236.136564594
2009,"unknown class",159729.436766787,495565963.599029
2010,"artisanal fishing gear",82.7763424919,985511.361801222
2010,"bagnets",2082.4225863037,20746195.2136942
2010,"bottom trawl",135872.275022546,171494328.487878
2010,"cast nets",2323.436172342,7106796.35272693
2010,"dredge",683871.904593323,1400660536.91619
2010,"gillnet",41184.8875830757,86571408.1276642
2010,"hand lines",10167.1224866012,46002592.6333973
2010,"hand or tools",29898.5191243819,315588904.94975
2010,"harpoon",154.3692150153,1124515.01723516
2010,"lines",10881.2546303201,28650163.1136967
2010,"longline",4340.0597704694,20943277.7002768
2010,"mixed gear",2983.2869378032,484213.588081173
2010,"other",184329.998758855,739639428.251139
2010,"other nets",236.0915600013,850930.953904422
2010,"pelagic trawl",83372.3691513185,23543724.3094688
2010,"pole and line",19124.9890793012,89016136.6653013
2010,"pots or traps",161406.430768386,800142291.58101
2010,"purse seine",257716.265021706,67120533.831086
2010,"shrimp trawl",67953.6348628337,112026917.869779
2010,"small scale lines",162.44036704,255610.714786196
2010,"trammel nets",26.333535553,7752.88844467633
2010,"unknown by source",447.2845418835,1521298.56885401
2010,"unknown class",165019.876447388,532854697.982509
2011,"artisanal fishing gear",125.1963678682,1468333.64291856
2011,"bagnets",3331.9096541286,9730220.30167807
2011,"bottom trawl",190413.901627513,187836928.382534
2011,"cast nets",2254.7960432233,3592287.08068407
2011,"dredge",661912.137579025,2464571384.81098
2011,"gillnet",43064.5538471974,88354995.3022625
2011,"hand lines",9330.2463980324,37977577.8587569
2011,"hand or tools",28776.2111166569,77537596.3817306
2011,"harpoon",215.6266372254,1674161.8789456
2011,"lines",10224.5962272799,19025898.1864428
2011,"longline",4745.895120832,17701382.0252679
2011,"mixed gear",10422.9038799251,275556.706994
2011,"other",188497.58666356,415720648.942699
2011,"other nets",88.5967059801,299206.152241018
2011,"pelagic trawl",55810.8328538672,16689466.7748068
2011,"pole and line",22490.9636847183,90281980.5459392
2011,"pots or traps",158966.307736817,593171750.187078
2011,"purse seine",261018.136556498,78019122.604654
2011,"shrimp trawl",68938.0765673536,55680426.5568077
2011,"small scale lines",432.1144188,1169680.10238521
2011,"trammel nets",0.0042267361,9.01341279339905
2011,"unknown by source",555.9410959056,906028.537434576
2011,"unknown class",151954.364042997,432276512.878583
2012,"artisanal fishing gear",73.1595176573,985261.205994772
2012,"bagnets",5959.9364688748,15153389.3200967
2012,"bottom trawl",131540.090397753,161869590.671237
2012,"cast nets",1682.8247949169,2774017.92432691
2012,"dredge",642814.659355952,3158714989.94976
2012,"gillnet",38232.921167822,80047704.126648
2012,"hand lines",9642.5170439313,42911361.3057202
2012,"hand or tools",31203.2791179844,69374317.3239482
2012,"harpoon",221.8655300733,1598763.55707357
2012,"lines",9345.1465998078,20968701.8137859
2012,"longline",6069.4267418562,22971542.4301738
2012,"mixed gear",10869.6685954269,227.558989840122
2012,"other",203231.120739336,449260989.657998
2012,"other nets",284.4058239188,837056.329143842
2012,"pelagic trawl",61691.6715306556,19846573.6151091
2012,"pole and line",24168.7960795547,101830520.788592
2012,"pots or traps",170768.914709937,614903523.110709
2012,"purse seine",252084.850194746,48628324.7487987
2012,"shrimp trawl",66959.6410752177,46111545.2647339
2012,"small scale lines",413.73033504,1118863.73351275
2012,"trammel nets",0.0493456949,39.3078131013074
2012,"unknown by source",524.4498546287,1019727.67493442
2012,"unknown class",151968.67777083,470034852.947714
2013,"artisanal fishing gear",124.7381719335,1155608.95103012
2013,"bagnets",8234.2778598105,21804511.1049871
2013,"bottom trawl",91494.5394163607,152665041.506183
2013,"cast nets",1495.0995369276,2895248.87630564
2013,"dredge",611407.231088915,2878356461.36101
2013,"gillnet",31857.1605923236,66772295.4388106
2013,"hand lines",7484.668731254,32902710.5054915
2013,"hand or tools",46460.4209330734,110590361.556969
2013,"harpoon",201.720377184,1212744.09632326
2013,"lines",5144.9108548518,15350891.5556205
2013,"longline",3164.1260861132,14340889.635139
2013,"mixed gear",6319.9146362002,4268.39498265714
2013,"other",169631.484180522,424814657.595711
2013,"other nets",90.6434743019,1074119.19709521
2013,"pelagic trawl",58956.1978102268,19838448.6817573
2013,"pole and line",4732.9352433211,21088118.6711055
2013,"pots or traps",149160.082359029,649556202.380547
2013,"purse seine",195468.446476657,62761640.7929784
2013,"shrimp trawl",41057.8956132638,38452469.2550073
2013,"small scale lines",297.1118318399,875665.305655241
2013,"unknown by source",64.6891244327,145126.178644573
2013,"unknown class",170115.482495969,603897619.079594
2014,"artisanal fishing gear",71.1604665429,575635.350180192
2014,"bagnets",9509.5387762921,33303059.1925848
2014,"bottom trawl",113055.977035976,176435581.387244
2014,"cast nets",1545.1296067031,2643052.15039201
2014,"dredge",473305.578475152,3262428253.29967
2014,"gillnet",38201.9637867412,70685793.4049833
2014,"hand lines",6017.7143712374,27640050.947573
2014,"hand or tools",39171.10985343,133167261.235471
2014,"harpoon",287.3844509403,1945452.24244338
2014,"lines",8170.0705263542,27134657.8166912
2014,"longline",3853.751073847,16192972.0608341
2014,"mixed gear",7935.83821141,0
2014,"other",174473.271660503,515819624.754968
2014,"other nets",21.4241666089,291520.810952503
2014,"pelagic trawl",56079.5609906143,17716566.6262396
2014,"pole and line",4784.0882513651,21275767.2198036
2014,"pots or traps",147946.505583791,797569090.130089
2014,"purse seine",223181.20280092,57517301.9707067
2014,"shrimp trawl",42263.9324230149,26065096.2645993
2014,"small scale lines",173.51708368,508851.256601458
2014,"trammel nets",0.0282697011,38.5419120634574
2014,"unknown by source",12.5871461047,48733.4649078189
2014,"unknown class",166639.875634807,605101936.818548
2015,"artisanal fishing gear",125.9949250169,1081505.24273465
2015,"bagnets",124.2436718522,254061.307815612
2015,"bottom trawl",90909.1692698947,162297143.343326
2015,"cast nets",1652.3789445434,2913983.09158979
2015,"dredge",490502.74258326,2741341579.1266
2015,"gillnet",63038.1438101435,111494173.583638
2015,"hand lines",9704.0535991037,37745513.1379745
2015,"hand or tools",36004.1543622497,69061801.6075884
2015,"harpoon",304.6778686149,2125021.57513097
2015,"lines",9122.3165836137,32275339.0776419
2015,"longline",1033.8596406238,4089033.72095978
2015,"mixed gear",5260.640675699,816.348903367676
2015,"other",179343.791833929,470807163.836032
2015,"other nets",348.8751664869,805478.99549588
2015,"pelagic trawl",54844.8943001798,19061526.2906565
2015,"pole and line",6608.1217366367,33457616.633534
2015,"pots or traps",155800.753531489,882201027.638459
2015,"purse seine",247951.696776973,293158724.370884
2015,"shrimp trawl",106332.162000083,28463809.4478238
2015,"small scale lines",32.1324572799,100602.631263726
2015,"unknown by source",25.858269616,126111.361973021
2015,"unknown class",163974.716992814,563817876.142306
2016,"artisanal fishing gear",49.7190285841,479431.389374477
2016,"bagnets",0.021869014,35.5334699318946
2016,"bottom trawl",79280.6860252941,194682716.584029
2016,"cast nets",2000.2806951931,3369033.18387235
2016,"dredge",510673.927137673,3760672547.13202
2016,"gillnet",29505.1790041799,63440376.0750803
2016,"hand lines",11320.8509174852,50218725.2372852
2016,"hand or tools",80294.450075235,136582683.308745
2016,"harpoon",296.9757830417,2383461.2485724
2016,"lines",9835.2303864059,31880528.6867852
2016,"longline",865.950868689,3917417.20985024
2016,"mixed gear",10594.7266395,0
2016,"other",192092.748896243,574947705.643747
2016,"other nets",278.7959130423,586685.147262839
2016,"pelagic trawl",31635.2236174431,13749779.7844416
2016,"pole and line",6388.0110935502,35037222.7545136
2016,"pots or traps",159280.511257362,925207241.330766
2016,"purse seine",229041.390144103,468155852.833873
2016,"shrimp trawl",83006.7352746867,48003162.9158475
2016,"trammel nets",39.628703799,98945.4818803112
2016,"unknown by source",20.5656295673,117611.520758826
2016,"unknown class",150310.37178777,620430820.861043
2017,"artisanal fishing gear",128.7988878033,1082460.76146058
2017,"bagnets",2834.7328888737,3342840.17671461
2017,"bottom trawl",90875.8303305858,134395833.023707
2017,"cast nets",1938.1116980588,3863906.55506193
2017,"dredge",128241.310184048,946223518.300562
2017,"gillnet",57835.8438844407,84489678.0023213
2017,"hand lines",10451.1444348519,49210588.2281141
2017,"hand or tools",10112.5830772355,58058713.5953935
2017,"harpoon",496.4171250314,3089621.91248685
2017,"lines",14442.6685515672,33161201.9024225
2017,"longline",3201.1164410177,13472045.6808722
2017,"mixed gear",8935.9962360001,671.162265832198
2017,"other",121632.935885775,266931939.015468
2017,"other nets",277.7467752035,459304.64106049
2017,"pelagic trawl",21794.5083844524,8267898.63870645
2017,"pole and line",7132.020834345,34164029.6111654
2017,"pots or traps",196825.783047885,807491626.774012
2017,"purse seine",124947.158646116,94566272.2275808
2017,"shrimp trawl",52719.9098872486,194135592.013419
2017,"trammel nets",6.4861581066,9924.4014332835
2017,"unknown by source",42.7934330138,227425.140102275
2017,"unknown class",152249.760346811,613918679.973486
2018,"artisanal fishing gear",35.08358788,199949.732889425
2018,"bagnets",3076.9703469053,5877298.13987607
2018,"bottom trawl",100733.486534835,196114055.117516
2018,"cast nets",1846.6953810765,3944772.77345893
2018,"dredge",121342.477621295,181822119.180491
2018,"gillnet",58952.9225514635,93744322.6243887
2018,"hand lines",9249.2155593595,29811891.5862124
2018,"hand or tools",9660.3032285925,21246547.3428963
2018,"harpoon",454.0457544115,2601036.49659121
2018,"lines",12056.7841478814,20351656.2565985
2018,"longline",2560.1998325002,6545762.65237719
2018,"mixed gear",9744.9745664012,682.91137436842
2018,"other",122321.577902098,233883920.890835
2018,"other nets",303.9040524462,827599.288176457
2018,"pelagic trawl",18918.3170173523,7521587.19531812
2018,"pole and line",5922.6344874441,18950101.8255084
2018,"pots or traps",206809.757691678,310748885.107781
2018,"purse seine",115568.444564818,85964090.2988076
2018,"shrimp trawl",48709.8356039815,158438859.3768
2018,"small scale lines",21.4055306534,71812.8163002939
2018,"trammel nets",6.2148036022,11981.2032604661
2018,"unknown by source",18.7303708069,43656.4566584317
2018,"unknown class",113780.358285684,222572717.138646
2019,"artisanal fishing gear",63.5069170996,383831.102197865
2019,"bagnets",3249.7869861805,6439763.28339753
2019,"bottom trawl",88899.2034124855,116336649.125962
2019,"cast nets",1794.7816222608,2841920.50980926
2019,"dredge",121595.747163477,204137573.444571
2019,"gillnet",69393.7504459312,100948203.035755
2019,"hand lines",14242.6366746996,37193527.6752191
2019,"hand or tools",10746.4224580062,26832913.4926052
2019,"harpoon",443.7746732905,2646194.45154086
2019,"lines",8470.9425452854,14453287.1408033
2019,"longline",2897.1264168795,8179933.06107223
2019,"mixed gear",10091.7367588909,49.0239968977062
2019,"other",131239.816520317,234374126.170077
2019,"other nets",321.4430607541,711043.354418049
2019,"pelagic trawl",7384.5533801639,4079203.84769544
2019,"pole and line",7285.4687559511,19874905.0776452
2019,"pots or traps",220584.506763858,333026969.025153
2019,"purse seine",137955.976619308,111672075.22067
2019,"shrimp trawl",48503.6871642524,120530464.760703
2019,"small scale lines",0.0586329326,196.758886604519
2019,"trammel nets",5.8825058647,11757.167067892
2019,"unknown by source",48.1350686742,64966.4007179564
2019,"unknown class",117777.142961413,250998227.255093
